{
  "baseline": {
    "description": "基线：无量子机制",
    "performance": {
      "acc": 0.7272727272727273,
      "0": {
        "precision": 0.7631578947368421,
        "recall": 0.6304347826086957,
        "f1-score": 0.6904761904761905,
        "acc": 0.6304347826086957
      },
      "1": {
        "precision": 0.6727272727272727,
        "recall": 0.8043478260869565,
        "f1-score": 0.7326732673267325,
        "acc": 0.8043478260869565
      },
      "2": {
        "precision": 0.8333333333333334,
        "recall": 0.8,
        "f1-score": 0.816326530612245,
        "acc": 0.8
      },
      "3": {
        "precision": 0.5,
        "recall": 0.5,
        "f1-score": 0.5,
        "acc": 0.5
      },
      "macro avg": {
        "precision": 0.6923046251993621,
        "recall": 0.683695652173913,
        "f1-score": 0.684868997103792,
        "support": 121.0,
        "acc": 0.683695652173913
      },
      "weighted avg": {
        "precision": 0.7345789341874597,
        "recall": 0.7272727272727273,
        "f1-score": 0.7262234572251288,
        "support": 121.0,
        "acc": 0.7272727272727273
      },
      "minority_classes_avg": {
        "precision": 0.6666666666666667,
        "recall": 0.65,
        "f1-score": 0.6581632653061225,
        "acc": 0.65
      }
    }
  },
  "superposition": {
    "description": "+量子叠加",
    "performance": {
      "acc": 0.6033057851239669,
      "0": {
        "precision": 0.5972222222222222,
        "recall": 0.9347826086956522,
        "f1-score": 0.7288135593220338,
        "acc": 0.9347826086956522
      },
      "1": {
        "precision": 0.782608695652174,
        "recall": 0.391304347826087,
        "f1-score": 0.5217391304347826,
        "acc": 0.391304347826087
      },
      "2": {
        "precision": 0.625,
        "recall": 0.4,
        "f1-score": 0.48780487804878053,
        "acc": 0.4
      },
      "3": {
        "precision": 0.2,
        "recall": 0.5,
        "f1-score": 0.28571428571428575,
        "acc": 0.5
      },
      "macro avg": {
        "precision": 0.5512077294685991,
        "recall": 0.5565217391304348,
        "f1-score": 0.5060179633799706,
        "support": 121.0,
        "acc": 0.5565217391304348
      },
      "weighted avg": {
        "precision": 0.6603076216712581,
        "recall": 0.6033057851239669,
        "f1-score": 0.5856479572139687,
        "support": 121.0,
        "acc": 0.6033057851239669
      },
      "minority_classes_avg": {
        "precision": 0.4125,
        "recall": 0.45,
        "f1-score": 0.38675958188153314,
        "acc": 0.45
      }
    }
  },
  "entanglement": {
    "description": "+量子纠缠",
    "performance": {
      "acc": 0.5537190082644629,
      "0": {
        "precision": 0.5,
        "recall": 0.9347826086956522,
        "f1-score": 0.6515151515151515,
        "acc": 0.9347826086956522
      },
      "1": {
        "precision": 0.5,
        "recall": 0.08695652173913043,
        "f1-score": 0.14814814814814817,
        "acc": 0.08695652173913043
      },
      "2": {
        "precision": 0.8181818181818182,
        "recall": 0.72,
        "f1-score": 0.7659574468085107,
        "acc": 0.72
      },
      "3": {
        "precision": 0.4,
        "recall": 0.5,
        "f1-score": 0.4444444444444445,
        "acc": 0.5
      },
      "macro avg": {
        "precision": 0.5545454545454546,
        "recall": 0.5604347826086957,
        "f1-score": 0.5025162977290637,
        "support": 121.0,
        "acc": 0.5604347826086957
      },
      "weighted avg": {
        "precision": 0.562434259954921,
        "recall": 0.5537190082644629,
        "f1-score": 0.47695227878101104,
        "support": 121.0,
        "acc": 0.5537190082644629
      },
      "minority_classes_avg": {
        "precision": 0.6090909090909091,
        "recall": 0.61,
        "f1-score": 0.6052009456264776,
        "acc": 0.61
      }
    }
  },
  "full_qmamba": {
    "description": "+多头注意力融合",
    "performance": {
      "acc": 0.7024793388429752,
      "0": {
        "precision": 0.8,
        "recall": 0.6956521739130435,
        "f1-score": 0.7441860465116279,
        "acc": 0.6956521739130435
      },
      "1": {
        "precision": 0.6666666666666666,
        "recall": 0.7391304347826086,
        "f1-score": 0.7010309278350515,
        "acc": 0.7391304347826086
      },
      "2": {
        "precision": 0.6538461538461539,
        "recall": 0.68,
        "f1-score": 0.6666666666666666,
        "acc": 0.68
      },
      "3": {
        "precision": 0.5,
        "recall": 0.5,
        "f1-score": 0.5,
        "acc": 0.5
      },
      "macro avg": {
        "precision": 0.6551282051282051,
        "recall": 0.653695652173913,
        "f1-score": 0.6529709102533365,
        "support": 121.0,
        "acc": 0.653695652173913
      },
      "weighted avg": {
        "precision": 0.7091968637423183,
        "recall": 0.7024793388429752,
        "f1-score": 0.7036913015422638,
        "support": 121.0,
        "acc": 0.7024793388429752
      },
      "minority_classes_avg": {
        "precision": 0.5769230769230769,
        "recall": 0.5900000000000001,
        "f1-score": 0.5833333333333333,
        "acc": 0.5900000000000001
      }
    }
  }
}