{
  "BaselineMamba": {
    "description": "基线模型：纯Mamba + 传统L2Norm融合",
    "performance": {
      "acc": 0.2066115702479339,
      "0": {
        "precision": 0.0,
        "recall": 0.0,
        "f1-score": 0.0,
        "acc": 0.0
      },
      "1": {
        "precision": 0.0,
        "recall": 0.0,
        "f1-score": 0.0,
        "acc": 0.0
      },
      "2": {
        "precision": 0.2066115702479339,
        "recall": 1.0,
        "f1-score": 0.34246575342465757,
        "acc": 1.0
      },
      "3": {
        "precision": 0.0,
        "recall": 0.0,
        "f1-score": 0.0,
        "acc": 0.0
      },
      "macro avg": {
        "precision": 0.05165289256198347,
        "recall": 0.25,
        "f1-score": 0.08561643835616439,
        "support": 121.0,
        "acc": 0.25
      },
      "weighted avg": {
        "precision": 0.04268834096031692,
        "recall": 0.2066115702479339,
        "f1-score": 0.07075738707121025,
        "support": 121.0,
        "acc": 0.2066115702479339
      },
      "minority_classes_avg": {
        "precision": 0.10330578512396695,
        "recall": 0.5,
        "f1-score": 0.17123287671232879,
        "acc": 0.5
      }
    }
  },
  "QuantumSuperposition": {
    "description": "量子叠加：基线 + 量子叠加状态建模",
    "performance": {
      "acc": 0.7024793388429752,
      "0": {
        "precision": 0.7837837837837838,
        "recall": 0.6304347826086957,
        "f1-score": 0.6987951807228915,
        "acc": 0.6304347826086957
      },
      "1": {
        "precision": 0.65,
        "recall": 0.8478260869565217,
        "f1-score": 0.7358490566037735,
        "acc": 0.8478260869565217
      },
      "2": {
        "precision": 0.7894736842105263,
        "recall": 0.6,
        "f1-score": 0.6818181818181819,
        "acc": 0.6
      },
      "3": {
        "precision": 0.4,
        "recall": 0.5,
        "f1-score": 0.4444444444444445,
        "acc": 0.5
      },
      "macro avg": {
        "precision": 0.6558143669985775,
        "recall": 0.6445652173913043,
        "f1-score": 0.6402267158973229,
        "support": 121.0,
        "acc": 0.6445652173913043
      },
      "weighted avg": {
        "precision": 0.7214123649530348,
        "recall": 0.7024793388429752,
        "f1-score": 0.7009658449608174,
        "support": 121.0,
        "acc": 0.7024793388429752
      },
      "minority_classes_avg": {
        "precision": 0.5947368421052632,
        "recall": 0.55,
        "f1-score": 0.5631313131313131,
        "acc": 0.55
      }
    }
  },
  "QuantumEntanglement": {
    "description": "量子纠缠：量子叠加 + 量子纠缠",
    "performance": {
      "acc": 0.38016528925619836,
      "0": {
        "precision": 0.39215686274509803,
        "recall": 0.8695652173913043,
        "f1-score": 0.5405405405405406,
        "acc": 0.8695652173913043
      },
      "1": {
        "precision": 0.0,
        "recall": 0.0,
        "f1-score": 0.0,
        "acc": 0.0
      },
      "2": {
        "precision": 0.26666666666666666,
        "recall": 0.16,
        "f1-score": 0.2,
        "acc": 0.16
      },
      "3": {
        "precision": 0.5,
        "recall": 0.5,
        "f1-score": 0.5,
        "acc": 0.5
      },
      "macro avg": {
        "precision": 0.28970588235294115,
        "recall": 0.3823913043478261,
        "f1-score": 0.31013513513513513,
        "support": 121.0,
        "acc": 0.3823913043478261
      },
      "weighted avg": {
        "precision": 0.22070977151191057,
        "recall": 0.38016528925619836,
        "f1-score": 0.2633459906187179,
        "support": 121.0,
        "acc": 0.38016528925619836
      },
      "minority_classes_avg": {
        "precision": 0.3833333333333333,
        "recall": 0.33,
        "f1-score": 0.35,
        "acc": 0.33
      }
    }
  },
  "QMamba": {
    "description": "完整Q-Mamba：量子纠缠 + 多头注意力融合",
    "performance": {
      "acc": 0.743801652892562,
      "0": {
        "precision": 0.8333333333333334,
        "recall": 0.6521739130434783,
        "f1-score": 0.7317073170731708,
        "acc": 0.6521739130434783
      },
      "1": {
        "precision": 0.75,
        "recall": 0.8478260869565217,
        "f1-score": 0.7959183673469389,
        "acc": 0.8478260869565217
      },
      "2": {
        "precision": 0.6666666666666666,
        "recall": 0.8,
        "f1-score": 0.7272727272727272,
        "acc": 0.8
      },
      "3": {
        "precision": 0.3333333333333333,
        "recall": 0.25,
        "f1-score": 0.28571428571428575,
        "acc": 0.25
      },
      "macro avg": {
        "precision": 0.6458333333333334,
        "recall": 0.6375,
        "f1-score": 0.6351531743517806,
        "support": 121.0,
        "acc": 0.6375
      },
      "weighted avg": {
        "precision": 0.7506887052341598,
        "recall": 0.743801652892562,
        "f1-score": 0.7404583207272757,
        "support": 121.0,
        "acc": 0.743801652892562
      },
      "minority_classes_avg": {
        "precision": 0.5,
        "recall": 0.525,
        "f1-score": 0.5064935064935064,
        "acc": 0.525
      }
    }
  }
}