{
  "timestamp": "20250714_170255",
  "experiment_config": {
    "dataset": "features4quantum",
    "sequence_model": "mamba",
    "embed_dim": 52,
    "num_layers": 1,
    "batch_size": 64,
    "epochs": 50,
    "lr": 0.0005
  },
  "results": {
    "unified": {
      "acc": 0.6942148760330579,
      "0": {
        "precision": 0.7045454545454546,
        "recall": 0.6739130434782609,
        "f1-score": 0.688888888888889,
        "acc": 0.6739130434782609
      },
      "1": {
        "precision": 0.6666666666666666,
        "recall": 0.7391304347826086,
        "f1-score": 0.7010309278350515,
        "acc": 0.7391304347826086
      },
      "2": {
        "precision": 0.7727272727272727,
        "recall": 0.68,
        "f1-score": 0.7234042553191491,
        "acc": 0.68
      },
      "3": {
        "precision": 0.5,
        "recall": 0.5,
        "f1-score": 0.5,
        "acc": 0.5
      },
      "macro avg": {
        "precision": 0.6609848484848484,
        "recall": 0.6482608695652174,
        "f1-score": 0.6533310180107723,
        "support": 121.0,
        "acc": 0.6482608695652174
      },
      "weighted avg": {
        "precision": 0.6974705735036313,
        "recall": 0.6942148760330579,
        "f1-score": 0.6943918839031404,
        "support": 121.0,
        "acc": 0.6942148760330579
      },
      "minority_classes_avg": {
        "precision": 0.6363636363636364,
        "recall": 0.5900000000000001,
        "f1-score": 0.6117021276595745,
        "acc": 0.5900000000000001
      }
    },
    "independent": {
      "acc": 0.6363636363636364,
      "0": {
        "precision": 0.5952380952380952,
        "recall": 0.5434782608695652,
        "f1-score": 0.5681818181818181,
        "acc": 0.5434782608695652
      },
      "1": {
        "precision": 0.7115384615384616,
        "recall": 0.8043478260869565,
        "f1-score": 0.7551020408163265,
        "acc": 0.8043478260869565
      },
      "2": {
        "precision": 0.5833333333333334,
        "recall": 0.56,
        "f1-score": 0.5714285714285714,
        "acc": 0.56
      },
      "3": {
        "precision": 0.3333333333333333,
        "recall": 0.25,
        "f1-score": 0.28571428571428575,
        "acc": 0.25
      },
      "macro avg": {
        "precision": 0.5558608058608059,
        "recall": 0.5394565217391305,
        "f1-score": 0.5451066790352505,
        "support": 121.0,
        "acc": 0.5394565217391305
      },
      "weighted avg": {
        "precision": 0.6283337874246965,
        "recall": 0.6363636363636364,
        "f1-score": 0.6305754458056699,
        "support": 121.0,
        "acc": 0.6363636363636364
      },
      "minority_classes_avg": {
        "precision": 0.45833333333333337,
        "recall": 0.405,
        "f1-score": 0.4285714285714286,
        "acc": 0.405
      }
    }
  },
  "summary": {
    "unified_better_metrics": [],
    "independent_better_metrics": [],
    "equal_metrics": [
      "accuracy",
      "precision",
      "recall",
      "f1"
    ]
  }
}