{
  "baseline": {
    "description": "基线：无量子机制",
    "performance": {
      "acc": 0.6800815078960775,
      "0": {
        "precision": 0.6900702106318957,
        "recall": 0.8009313154831199,
        "f1-score": 0.7413793103448275,
        "acc": 0.8009313154831199
      },
      "1": {
        "precision": 0.676056338028169,
        "recall": 0.5620608899297423,
        "f1-score": 0.6138107416879796,
        "acc": 0.5620608899297423
      },
      "2": {
        "precision": 0.65234375,
        "recall": 0.6761133603238867,
        "f1-score": 0.6640159045725647,
        "acc": 0.6761133603238867
      },
      "3": {
        "precision": 0.0,
        "recall": 0.0,
        "f1-score": 0.0,
        "acc": 0.0
      },
      "macro avg": {
        "precision": 0.5046175746650161,
        "recall": 0.5097763914341873,
        "f1-score": 0.5048014891513429,
        "support": 1963.0,
        "acc": 0.5097763914341873
      },
      "weighted avg": {
        "precision": 0.6781718440442459,
        "recall": 0.6800815078960775,
        "f1-score": 0.6750133109613677,
        "support": 1963.0,
        "acc": 0.6800815078960775
      },
      "minority_classes_avg": {
        "precision": 0.326171875,
        "recall": 0.33805668016194335,
        "f1-score": 0.3320079522862823,
        "acc": 0.33805668016194335
      }
    }
  },
  "superposition": {
    "description": "+量子叠加",
    "performance": {
      "acc": 0.6811003565970454,
      "0": {
        "precision": 0.6915219611848825,
        "recall": 0.7881257275902211,
        "f1-score": 0.7366702937976061,
        "acc": 0.7881257275902211
      },
      "1": {
        "precision": 0.6521739130434783,
        "recall": 0.6147540983606558,
        "f1-score": 0.6329113924050632,
        "acc": 0.6147540983606558
      },
      "2": {
        "precision": 0.7541899441340782,
        "recall": 0.5465587044534413,
        "f1-score": 0.6338028169014084,
        "acc": 0.5465587044534413
      },
      "3": {
        "precision": 0.0,
        "recall": 0.0,
        "f1-score": 0.0,
        "acc": 0.0
      },
      "macro avg": {
        "precision": 0.5244714545906097,
        "recall": 0.4873596326010796,
        "f1-score": 0.5008461257760194,
        "support": 1963.0,
        "acc": 0.4873596326010796
      },
      "weighted avg": {
        "precision": 0.6812321969424666,
        "recall": 0.6811003565970454,
        "f1-score": 0.6774607270813628,
        "support": 1963.0,
        "acc": 0.6811003565970454
      },
      "minority_classes_avg": {
        "precision": 0.3770949720670391,
        "recall": 0.2732793522267207,
        "f1-score": 0.3169014084507042,
        "acc": 0.2732793522267207
      }
    }
  },
  "entanglement": {
    "description": "+量子纠缠",
    "performance": {
      "acc": 0.6811003565970454,
      "0": {
        "precision": 0.6966292134831461,
        "recall": 0.7939464493597206,
        "f1-score": 0.7421109902067465,
        "acc": 0.7939464493597206
      },
      "1": {
        "precision": 0.6640211640211641,
        "recall": 0.5878220140515222,
        "f1-score": 0.6236024844720496,
        "acc": 0.5878220140515222
      },
      "2": {
        "precision": 0.6710526315789473,
        "recall": 0.6194331983805668,
        "f1-score": 0.6442105263157895,
        "acc": 0.6194331983805668
      },
      "3": {
        "precision": 0.0,
        "recall": 0.0,
        "f1-score": 0.0,
        "acc": 0.0
      },
      "macro avg": {
        "precision": 0.5079257522708144,
        "recall": 0.5003004154479525,
        "f1-score": 0.5024810002486464,
        "support": 1963.0,
        "acc": 0.5003004154479525
      },
      "weighted avg": {
        "precision": 0.6781602488314298,
        "recall": 0.6811003565970454,
        "f1-score": 0.6771013053116279,
        "support": 1963.0,
        "acc": 0.6811003565970454
      },
      "minority_classes_avg": {
        "precision": 0.3355263157894737,
        "recall": 0.3097165991902834,
        "f1-score": 0.32210526315789473,
        "acc": 0.3097165991902834
      }
    }
  },
  "full_qmamba": {
    "description": "+多头注意力融合",
    "performance": {
      "acc": 0.6663270504330107,
      "0": {
        "precision": 0.688113413304253,
        "recall": 0.7345750873108265,
        "f1-score": 0.7105855855855856,
        "acc": 0.7345750873108265
      },
      "1": {
        "precision": 0.6292270531400966,
        "recall": 0.6100702576112412,
        "f1-score": 0.619500594530321,
        "acc": 0.6100702576112412
      },
      "2": {
        "precision": 0.7155963302752294,
        "recall": 0.631578947368421,
        "f1-score": 0.6709677419354839,
        "acc": 0.631578947368421
      },
      "3": {
        "precision": 0.0,
        "recall": 0.0,
        "f1-score": 0.0,
        "acc": 0.0
      },
      "macro avg": {
        "precision": 0.5082341991798948,
        "recall": 0.49405607307262217,
        "f1-score": 0.5002634805128476,
        "support": 1963.0,
        "acc": 0.49405607307262217
      },
      "weighted avg": {
        "precision": 0.6649014870035546,
        "recall": 0.6663270504330107,
        "f1-score": 0.6648882109042163,
        "support": 1963.0,
        "acc": 0.6663270504330107
      },
      "minority_classes_avg": {
        "precision": 0.3577981651376147,
        "recall": 0.3157894736842105,
        "f1-score": 0.33548387096774196,
        "acc": 0.3157894736842105
      }
    }
  }
}